{"lr": 0.009989084308262066, "data_time": 0.028204989433288575, "loss": 0.27650865614414216, "decode.loss_ce": 0.19409776777029036, "decode.acc_seg": 47.754432678222656, "aux.loss_ce": 0.08241088800132275, "aux.acc_seg": 58.746185302734375, "time": 0.3475958824157715, "memory": 13612, "step": 50}
{"lr": 0.00997794446709763, "data_time": 0.03110029697418213, "loss": 0.28248532563447953, "decode.loss_ce": 0.197795120626688, "decode.acc_seg": 48.495941162109375, "aux.loss_ce": 0.08469020612537861, "aux.acc_seg": 45.074249267578125, "time": 0.3524580240249634, "memory": 9099, "step": 100}
{"lr": 0.009966803229875268, "data_time": 0.03427920341491699, "loss": 0.2346121445298195, "decode.loss_ce": 0.1657155252993107, "decode.acc_seg": 48.338375091552734, "aux.loss_ce": 0.06889662034809589, "aux.acc_seg": 48.122066497802734, "time": 0.35653388500213623, "memory": 9099, "step": 150}
{"lr": 0.009955660594668054, "data_time": 0.029843473434448244, "loss": 0.2955381542444229, "decode.loss_ce": 0.20735993683338166, "decode.acc_seg": 50.46345520019531, "aux.loss_ce": 0.0881782203912735, "aux.acc_seg": 50.123992919921875, "time": 0.3514882802963257, "memory": 9099, "step": 200}
{"lr": 0.00994451655954398, "data_time": 0.030280303955078126, "loss": 0.19529698193073272, "decode.loss_ce": 0.138342247903347, "decode.acc_seg": 63.40884780883789, "aux.loss_ce": 0.056954733282327655, "aux.acc_seg": 62.62077713012695, "time": 0.35149643421173093, "memory": 9099, "step": 250}
{"lr": 0.009933371122565919, "data_time": 0.030730724334716797, "loss": 0.195820352435112, "decode.loss_ce": 0.13870966732501983, "decode.acc_seg": 69.60760498046875, "aux.loss_ce": 0.05711068473756313, "aux.acc_seg": 70.59465789794922, "time": 0.3523340940475464, "memory": 9099, "step": 300}
{"lr": 0.009922224281791656, "data_time": 0.03027327060699463, "loss": 0.21736143827438353, "decode.loss_ce": 0.1546487882733345, "decode.acc_seg": 62.815799713134766, "aux.loss_ce": 0.06271265111863614, "aux.acc_seg": 62.884124755859375, "time": 0.3515739679336548, "memory": 9099, "step": 350}
{"lr": 0.009911076035273796, "data_time": 0.02837846279144287, "loss": 0.19755855202674866, "decode.loss_ce": 0.1405731275677681, "decode.acc_seg": 62.28158950805664, "aux.loss_ce": 0.05698542408645153, "aux.acc_seg": 64.36713409423828, "time": 0.3503390312194824, "memory": 9099, "step": 400}
{"aAcc": 54.24, "mIoU": 23.58, "mAcc": 35.15, "data_time": 0.09370435987200056, "time": 0.14203977584838867, "step": 400}
{"lr": 0.009899926381059788, "data_time": 0.031342053413391115, "loss": 0.19989245980978013, "decode.loss_ce": 0.14216839671134948, "decode.acc_seg": 71.90447998046875, "aux.loss_ce": 0.05772406160831452, "aux.acc_seg": 74.46119689941406, "time": 0.35335752964019773, "memory": 9125, "step": 450}
{"lr": 0.0098887753171919, "data_time": 0.02915637493133545, "loss": 0.2088051602244377, "decode.loss_ce": 0.14854184091091155, "decode.acc_seg": 59.20616149902344, "aux.loss_ce": 0.060263317078351974, "aux.acc_seg": 55.80288314819336, "time": 0.35076751708984377, "memory": 9100, "step": 500}
{"lr": 0.009877622841707205, "data_time": 0.02776329517364502, "loss": 0.16939254105091095, "decode.loss_ce": 0.12084733992815018, "decode.acc_seg": 59.422462463378906, "aux.loss_ce": 0.04854520037770271, "aux.acc_seg": 63.77091979980469, "time": 0.34926021099090576, "memory": 9100, "step": 550}
{"lr": 0.009866468952637547, "data_time": 0.03140382766723633, "loss": 0.18969025015830993, "decode.loss_ce": 0.1349381312727928, "decode.acc_seg": 79.06217193603516, "aux.loss_ce": 0.05475212074816227, "aux.acc_seg": 81.78242492675781, "time": 0.3543806552886963, "memory": 9100, "step": 600}
{"lr": 0.00985531364800951, "data_time": 0.027274346351623534, "loss": 0.20287417620420456, "decode.loss_ce": 0.14439448863267898, "decode.acc_seg": 60.56509017944336, "aux.loss_ce": 0.058479690179228785, "aux.acc_seg": 58.57655334472656, "time": 0.34785685539245603, "memory": 9100, "step": 650}
{"lr": 0.009844156925844432, "data_time": 0.030378103256225586, "loss": 0.20194465443491935, "decode.loss_ce": 0.1436786137521267, "decode.acc_seg": 74.87794494628906, "aux.loss_ce": 0.05826603882014751, "aux.acc_seg": 74.44203186035156, "time": 0.3534314870834351, "memory": 9100, "step": 700}
{"lr": 0.009832998784158347, "data_time": 0.027205657958984376, "loss": 0.1961147144436836, "decode.loss_ce": 0.1401918925344944, "decode.acc_seg": 65.95169067382812, "aux.loss_ce": 0.05592282153666019, "aux.acc_seg": 65.672607421875, "time": 0.3482776403427124, "memory": 9100, "step": 750}
{"lr": 0.009821839220962003, "data_time": 0.028056001663208006, "loss": 0.16999534219503404, "decode.loss_ce": 0.12077727094292641, "decode.acc_seg": 64.04069519042969, "aux.loss_ce": 0.04921807125210762, "aux.acc_seg": 64.2740249633789, "time": 0.3497749328613281, "memory": 9100, "step": 800}
{"aAcc": 51.41, "mIoU": 14.2, "mAcc": 24.46, "data_time": 0.00906063715616862, "time": 0.02013258934020996, "step": 800}
{"lr": 0.009810678234260793, "data_time": 0.029727888107299805, "loss": 0.1769366979598999, "decode.loss_ce": 0.12633165046572686, "decode.acc_seg": 77.880615234375, "aux.loss_ce": 0.05060504674911499, "aux.acc_seg": 78.79977416992188, "time": 0.350858736038208, "memory": 9100, "step": 850}
{"lr": 0.009799515822054777, "data_time": 0.026591563224792482, "loss": 0.165526819229126, "decode.loss_ce": 0.11794030368328094, "decode.acc_seg": 61.82144546508789, "aux.loss_ce": 0.047586514800786975, "aux.acc_seg": 61.62836837768555, "time": 0.3474754810333252, "memory": 9100, "step": 900}
{"lr": 0.009788351982338642, "data_time": 0.027951431274414063, "loss": 0.18068253323435784, "decode.loss_ce": 0.12897850573062897, "decode.acc_seg": 63.95205307006836, "aux.loss_ce": 0.0517040278762579, "aux.acc_seg": 65.90821075439453, "time": 0.3497226476669312, "memory": 9100, "step": 950}
{"lr": 0.00977718671310168, "data_time": 0.028655362129211426, "loss": 0.1538258746266365, "decode.loss_ce": 0.10966745018959045, "decode.acc_seg": 77.269287109375, "aux.loss_ce": 0.04415842331945896, "aux.acc_seg": 75.78960418701172, "time": 0.3507378101348877, "memory": 9100, "step": 1000}
{"lr": 0.00976602001232777, "data_time": 0.028261494636535645, "loss": 0.17388839721679689, "decode.loss_ce": 0.12440388053655624, "decode.acc_seg": 80.93047332763672, "aux.loss_ce": 0.04948451854288578, "aux.acc_seg": 81.41356658935547, "time": 0.3493049144744873, "memory": 9100, "step": 1050}
{"lr": 0.009754851877995354, "data_time": 0.034019064903259275, "loss": 0.17577258348464966, "decode.loss_ce": 0.1263395294547081, "decode.acc_seg": 58.09381866455078, "aux.loss_ce": 0.049433054588735106, "aux.acc_seg": 59.7041015625, "time": 0.35571792125701907, "memory": 9100, "step": 1100}
{"lr": 0.009743682308077416, "data_time": 0.028856945037841798, "loss": 0.16923752427101135, "decode.loss_ce": 0.12073386758565903, "decode.acc_seg": 64.91592407226562, "aux.loss_ce": 0.04850365817546844, "aux.acc_seg": 64.69097137451172, "time": 0.35016133785247805, "memory": 9100, "step": 1150}
{"lr": 0.009732511300541468, "data_time": 0.02865278720855713, "loss": 0.19577852338552476, "decode.loss_ce": 0.14056893810629845, "decode.acc_seg": 54.342613220214844, "aux.loss_ce": 0.05520958658307791, "aux.acc_seg": 55.379337310791016, "time": 0.3496911287307739, "memory": 9100, "step": 1200}
{"aAcc": 52.97, "mIoU": 16.72, "mAcc": 26.35, "data_time": 0.00890652338663737, "time": 0.021080668767293295, "step": 1200}
{"lr": 0.009721338853349512, "data_time": 0.027871060371398925, "loss": 0.17613105997443199, "decode.loss_ce": 0.1258618026971817, "decode.acc_seg": 62.44059371948242, "aux.loss_ce": 0.050269256345927715, "aux.acc_seg": 61.85485076904297, "time": 0.3487265586853027, "memory": 9100, "step": 1250}
{"lr": 0.009710164964458045, "data_time": 0.02753109931945801, "loss": 0.18463471233844758, "decode.loss_ce": 0.13242217004299164, "decode.acc_seg": 61.19755172729492, "aux.loss_ce": 0.05221254080533981, "aux.acc_seg": 62.861572265625,